{
    "problem_data": {
        "start_time": 0.0,
        "end_time": 1.0,
        "echo_level": 0,
        "print_colors": true,
        "parallel_type": "OpenMP"
    },
    "solver_settings": {
        "type": "coupled_solvers.gauss_seidel_strong",
        "num_coupling_iterations": 20,
        "echo_level": 3,
        "data_transfer_operators": {
            "direct_transfer": {
                "type": "kratos_mapping",
                "mapper_settings":{
                    "mapper_type": "nearest_neighbor",
                    "echo_level": 3
                }
            }
        },
        "predictors": [],
        "convergence_accelerators": [
            {
                "type": "aitken",
                "solver": "fluid",
                "data_name": "disp_y"
            }
        ],
        "convergence_criteria": [
            {
                "type": "relative_norm_previous_residual",
                "solver": "fluid",
                "data_name": "disp_y",
                "abs_tolerance": 1e-7,
                "rel_tolerance": 1e-5
            }
        ],
        "coupling_sequence": [
            {
                "name": "fluid",
                "output_data_list": [],
                "input_data_list": []
            },
            {
                "name": "structure",
                "input_data_list": [
                    {
                        "data": "force_y",
                        "from_solver": "fluid",
                        "from_solver_data": "force_y",
                        "data_transfer_operator": "direct_transfer"
                    }
                ],
                "output_data_list": [
                    {
                        "data": "disp_y",
                        "to_solver": "fluid",
                        "to_solver_data": "disp_y",
                        "data_transfer_operator": "direct_transfer"
                    }
                ]
            }
        ],
        "solvers": {
            "fluid": {
                "type": "solver_wrappers.external.remote_controlled_solver_wrapper",
                "solver_wrapper_settings": {
                    "export_data": [
                        "disp_y"
                    ],
                    "import_data": [
                        "force_y"
                    ],
                    "import_meshes": [
                        "S_Node"
                    ]
                },
                "io_settings": {
                    "type": "kratos_co_sim_io",
                    "echo_level": 4,
                    "connect_to": "run_fluid",
                    "communication_format": "file"
                },
                "data": {
                    "disp_y": {
                        "model_part_name": "S_Node",
                        "variable_name": "SCALAR_DISPLACEMENT",
                        "location": "node_historical"
                    },
                    "force_y": {
                        "model_part_name": "S_Node",
                        "variable_name": "SCALAR_FORCE",
                        "location": "node_historical"
                    }
                }
            },
            "structure": {
                "type": "solver_wrappers.external.remote_controlled_solver_wrapper",
                "solver_wrapper_settings": {
                    "export_data": [
                        "force_y"
                    ],
                    "import_data": [
                        "disp_y"
                    ],
                    "import_meshes": [
                        "S_Node_2"
                    ]
                },
                "io_settings": {
                    "type": "kratos_co_sim_io",
                    "echo_level": 4,
                    "connect_to": "run_structure",
                    "communication_format": "file"
                },
                "data": {
                    "disp_y": {
                        "model_part_name": "S_Node_2",
                        "variable_name": "SCALAR_DISPLACEMENT",
                        "location": "node_historical"
                    },
                    "force_y": {
                        "model_part_name": "S_Node_2",
                        "variable_name": "SCALAR_FORCE",
                        "location": "node_historical"
                    }
                }
            }
        }
    }
}