"Time_Iter","Outer_Iter","Inner_Iter",   "rms[A_Rho]"   ,   "rms[A_RhoU]"  ,   "rms[A_RhoV]"  ,   "rms[A_RhoW]"  ,    "rms[A_E]"    ,    "Sens_Geo"    ,    "Sens_AoA"    ,    "Sens_Mach"   ,   "Sens_Press"   ,    "Sens_Temp"   
          0,           0,           0,      -5.848022487,      -5.593379437,      -6.689115099,      -6.441403276,      -5.611076853,       3.499264929,    0.005584637026,    0.007647041303,     0.02046821554,     0.02654654569
          0,           0,           1,      -4.672037566,       -4.43844641,       -4.54605823,      -4.450406047,      -4.900088224,       1.157128472,    0.007100347362,     0.06633830262,     0.03427150404,       0.064840459
          0,           0,           2,      -4.583147923,      -4.297970655,      -4.391159451,      -4.358393583,      -4.916126621,      0.3160872772,    0.008176458513,      0.1214162982,     0.03650808354,      0.1039855801
          0,           0,           3,      -4.565304329,      -4.264289645,      -4.207785534,      -4.320912178,      -4.890812956,      -0.034501914,    0.008624804084,      0.1574287271,     0.03401942009,      0.1341182652
          0,           0,           4,      -4.576638958,      -4.272702851,      -4.104717278,      -4.335556309,      -4.892023803,     -0.1952767175,    0.008618901865,      0.1730377126,     0.03014526165,      0.1512201278
          0,           0,           5,      -4.610834111,      -4.313137473,      -4.074344108,      -4.387396114,      -4.949271403,     -0.3007622507,    0.008380784487,      0.1745736153,     0.02542874251,      0.1577259389
          0,           0,           6,      -4.654956825,      -4.374739807,      -4.095002606,      -4.468126224,      -5.043823312,     -0.3802117454,    0.008068704414,      0.1688916815,     0.02022047086,      0.1577995669
          0,           0,           7,      -4.707889338,      -4.448792068,      -4.153527693,      -4.566979208,      -5.137417082,      -0.432753722,    0.007770418759,      0.1604122171,     0.01538864542,      0.1542777623
          0,           0,           8,      -4.773545511,      -4.532630626,      -4.241714997,      -4.669175377,      -5.201932994,     -0.4592845979,     0.00752633973,      0.1513754898,     0.01184112917,       0.148604676
          0,           0,           9,      -4.850471913,      -4.628298409,       -4.35226287,      -4.761987099,      -5.251066584,     -0.4658368072,    0.007350346506,      0.1429568186,     0.01006082481,      0.1418022015
          0,           0,          10,      -4.936568801,      -4.738446994,      -4.477737473,      -4.842090533,      -5.309997746,     -0.4603959416,    0.007241572665,      0.1359481668,    0.009981647054,      0.1349793559
          0,           0,          11,      -5.031273758,      -4.862535283,      -4.611950194,      -4.915270316,      -5.389115025,     -0.4500238021,     0.00719034418,      0.1308987928,     0.01111436913,      0.1292292544
          0,           0,          12,      -5.133074425,      -4.995591342,      -4.751960229,      -4.989484281,      -5.488443531,     -0.4395854972,    0.007182072661,      0.1280353927,     0.01278667674,      0.1253235388
          0,           0,          13,      -5.238143125,      -5.128991299,      -4.897993064,      -5.070053488,      -5.602650754,     -0.4317000205,    0.007200693142,      0.1272102657,      0.0143832204,      0.1235209803
          0,           0,          14,      -5.341101321,      -5.252821766,      -5.049402914,      -5.159203465,      -5.720706755,     -0.4272532712,    0.007231605096,       0.127957614,     0.01550474914,       0.123577406
          0,           0,          15,      -5.436533421,      -5.359364931,      -5.197431198,      -5.257180748,      -5.826891069,     -0.4260214931,    0.007263643808,      0.1296345263,      0.0160154483,      0.1249065088
          0,           0,          16,      -5.520833593,      -5.446039226,      -5.321580803,      -5.362741738,      -5.910973949,     -0.4272017248,    0.007289855559,      0.1315883137,     0.01599585696,      0.1268002193
          0,           0,          17,      -5.593932624,      -5.516023063,       -5.40652933,      -5.472332851,      -5.977756084,     -0.4297999914,     0.00730722716,      0.1332957688,     0.01564625914,      0.1286275596
          0,           0,          18,      -5.659077785,      -5.575823961,      -5.464701475,      -5.578693121,      -6.038417256,     -0.4328885463,    0.007315752136,      0.1344418676,     0.01518766313,      0.1299623678
          0,           0,          19,      -5.719948801,      -5.631076879,      -5.520349544,      -5.671639999,      -6.097607689,     -0.4357556053,    0.007317257598,      0.1349312977,     0.01479182577,      0.1306253268
          0,           0,          20,      -5.777520752,       -5.68353984,      -5.587649785,      -5.743859854,      -6.151857005,      -0.437963148,      0.0073143122,      0.1348463752,     0.01455056467,      0.1306534096
          0,           0,          21,      -5.829420985,      -5.731117108,      -5.669801969,      -5.796611549,       -6.19577506,     -0.4393322422,    0.007309399216,      0.1343757855,     0.01447856203,      0.1302255878
          0,           0,          22,      -5.872346215,      -5.770635167,      -5.763223478,      -5.836515497,      -6.228328795,     -0.4398892896,    0.007304428147,      0.1337394332,     0.01453677654,      0.1295764266
          0,           0,          23,      -5.905317585,      -5.801050165,       -5.85935767,      -5.868450316,      -6.252857563,     -0.4397933654,    0.007300558113,      0.1331282253,     0.01466244092,      0.1289224174
          0,           0,          24,      -5.930306002,      -5.824029914,      -5.946257732,       -5.89363169,      -6.272685885,     -0.4392614171,    0.007298247845,      0.1326687514,     0.01479495589,       0.128415355
          0,           0,          25,        -5.9500012,      -5.841941078,      -6.013584482,      -5.912008319,      -6.288825587,     -0.4385069166,    0.007297434128,      0.1324137537,     0.01489207523,      0.1281258042
          0,           0,          26,      -5.965866461,      -5.856130264,      -6.058970972,      -5.924460876,      -6.301017153,     -0.4377003896,    0.007297752209,       0.132352784,     0.01493545954,      0.1280513097
          0,           0,          27,      -5.978172058,      -5.866957733,      -6.087688332,      -5.932837544,      -6.309441087,     -0.4369525414,    0.007298735349,      0.1324342973,     0.01492782208,      0.1281395821
          0,           0,          28,      -5.987053502,      -5.874690623,      -6.106459518,      -5.938865737,      -6.315154197,     -0.4363159396,    0.007299958077,      0.1325904188,     0.01488532261,      0.1283163458
          0,           0,          29,      -5.993168598,      -5.880013913,      -6.119677947,      -5.943524783,       -6.31941082,     -0.4357984613,    0.007301114003,      0.1327577766,     0.01482889524,      0.1285097398
          0,           0,          30,       -5.99752398,      -5.883846007,       -6.12952139,      -5.947196841,      -6.322997184,     -0.4353809756,    0.007302037001,      0.1328907682,     0.01477717143,      0.1286665361
          0,           0,          31,      -6.000974885,      -5.886921938,      -6.137087125,      -5.950073233,      -6.326149016,     -0.4350339989,    0.007302682721,      0.1329665164,     0.01474228208,      0.1287588661
          0,           0,          32,      -6.003964177,       -5.88960381,        -6.1430491,      -5.952380532,      -6.328845184,     -0.4347302843,    0.007303089336,      0.1329829835,     0.01472865367,      0.1287828585
          0,           0,          33,      -6.006603929,      -5.891975925,      -6.147846355,      -5.954370718,       -6.33108491,     -0.4344519822,    0.007303334294,      0.1329528576,     0.01473413456,      0.1287520807
          0,           0,          34,       -6.00889088,      -5.894036369,      -6.151740617,      -5.956230484,      -6.332968922,      -0.434192633,    0.007303498575,      0.1328959653,     0.01475243336,        0.12868896
          0,           0,          35,      -6.010853409,      -5.895817438,      -6.154897304,      -5.958040599,      -6.334637219,     -0.4339554042,    0.007303643975,      0.1328324165,     0.01477585086,      0.1286168108
          0,           0,          36,       -6.01257433,      -5.897397292,      -6.157467643,      -5.959804995,      -6.336191256,     -0.4337492827,    0.007303803839,      0.1327778254,     0.01479753886,      0.1285541262
          0,           0,          37,       -6.01414548,      -5.898857247,      -6.159620286,      -5.961503579,      -6.337671266,     -0.4335848492,    0.007303984503,      0.1327410526,      0.0148128827,      0.1285117459
          0,           0,          38,      -6.015626892,      -5.900247448,      -6.161520828,      -5.963126351,      -6.339080537,     -0.4334707879,    0.007304173221,       0.132724193,     0.01481994515,      0.1284926534
          0,           0,          39,      -6.017040968,      -5.901584226,        -6.1632957,      -5.964679171,      -6.340417342,     -0.4334117152,    0.007304348375,      0.1327241138,     0.01481915178,      0.1284936315
          0,           0,          40,      -6.018390409,      -5.902867248,      -6.165013419,      -5.966174488,      -6.341689336,     -0.4334074327,    0.007304488703,       0.132734712,     0.01481252096,      0.1285078258
          0,           0,          41,      -6.019676938,      -5.904096125,      -6.166691356,      -5.967622446,      -6.342910399,     -0.4334533663,    0.007304579622,       0.132749163,     0.01480275481,      0.1285273568
          0,           0,          42,      -6.020908536,       -5.90527645,      -6.168317127,      -5.969028491,       -6.34409229,     -0.4335417724,    0.007304616051,      0.1327616594,     0.01479244326,      0.1285453791
          0,           0,          43,      -6.022096821,      -5.906417297,      -6.169870272,      -5.970395448,      -6.345240654,     -0.4336632492,    0.007304602161,      0.1327684078,     0.01478352941,      0.1285572966
          0,           0,          44,      -6.023251923,      -5.907526788,      -6.171336328,      -5.971725981,       -6.34635671,     -0.4338081726,    0.007304549032,      0.1327678886,     0.01477707894,      0.1285611194
          0,           0,          45,      -6.024379975,      -5.908610028,      -6.172712607,      -5.973023417,      -6.347440977,     -0.4339678051,    0.007304471355,      0.1327605437,     0.01477331332,      0.1285571441
          0,           0,          46,       -6.02548379,      -5.909669759,      -6.174008286,      -5.974291266,       -6.34849552,      -0.434134977,    0.007304384173,      0.1327481331,     0.01477181895,      0.1285472339
          0,           0,          47,      -6.026564794,      -5.910707909,      -6.175241408,      -5.975532541,      -6.349523856,     -0.4343043507,    0.007304300325,      0.1327329986,     0.01477183171,      0.1285339748
          0,           0,          48,      -6.027624379,      -5.911726536,      -6.176434364,      -5.976749518,      -6.350529632,     -0.4344723529,    0.007304228913,      0.1327174212,     0.01477251054,      0.1285199297
          0,           0,          49,      -6.028664188,      -5.912727812,      -6.177609006,      -5.977943893,      -6.351515519,     -0.4346368926,    0.007304174811,      0.1327031793,     0.01477314275,      0.1285071197
          0,           0,          50,      -6.029685798,      -5.913713561,      -6.178782499,      -5.979117025,      -6.352482943,     -0.4347969827,     0.00730413902,      0.1326913408,     0.01477325726,      0.1284967741
          0,           0,          51,      -6.030690407,       -5.91468493,      -6.179964896,       -5.98027008,      -6.353432481,      -0.434952358,    0.007304119567,      0.1326822608,     0.01477264926,      0.1284893189
          0,           0,          52,      -6.031678811,      -5.915642407,      -6.181158854,      -5.981404068,      -6.354364423,     -0.4351031547,    0.007304112641,      0.1326757227,     0.01477133909,      0.1284845338
          0,           0,          53,      -6.032651579,        -5.9165861,      -6.182361159,      -5.982519873,      -6.355279136,     -0.4352496806,     0.00730411369,      0.1326711492,     0.01476949483,      0.1284817913
          0,           0,          54,       -6.03360925,      -5.917516043,      -6.183565217,      -5.983618297,      -6.356177176,     -0.4353922775,    0.007304118323,       0.132667819,     0.01476734735,      0.1284803037
          0,           0,          55,      -6.034552433,      -5.918432387,      -6.184763557,      -5.984700121,      -6.357059242,     -0.4355312609,    0.007304122908,      0.1326650433,     0.01476511896,      0.1284793233
          0,           0,          56,      -6.035481812,      -5.919335462,      -6.185949692,      -5.985766138,      -6.357926087,     -0.4356669105,    0.007304124877,        0.13266228,     0.01476297695,      0.1284782715
          0,           0,          57,      -6.036398095,      -5.920225744,      -6.187119082,      -5.986817148,      -6.358778466,      -0.435799488,     0.00730412278,      0.1326591819,     0.01476101451,       0.128476791
          0,           0,          58,      -6.037301966,      -5.921103797,      -6.188269308,      -5.987853921,      -6.359617102,     -0.4359292622,    0.007304116155,      0.1326555928,     0.01475925435,      0.1284747381
          0,           0,          59,       -6.03819406,      -5.921970218,      -6.189399731,      -5.988877161,      -6.360442684,     -0.4360565262,    0.007304105294,      0.1326515075,     0.01475766707,      0.1284721341
          0,           0,          60,       -6.03907495,      -5.922825596,      -6.190510945,      -5.989887492,      -6.361255849,      -0.436181604,    0.007304090988,      0.1326470182,     0.01475619523,       0.128469102
          0,           0,          61,      -6.039945147,      -5.923670485,      -6.191604238,      -5.990885455,      -6.362057178,      -0.436304846,    0.007304074274,       0.132642261,     0.01475477621,      0.1284658044
          0,           0,          62,      -6.040805098,      -5.924505395,      -6.192681185,      -5.991871518,      -6.362847184,     -0.4364266142,    0.007304056238,      0.1326373739,     0.01475335875,      0.1284623967
          0,           0,          63,      -6.041655198,       -5.92533078,      -6.193743399,      -5.992846094,      -6.363626319,     -0.4365472658,    0.007304037878,      0.1326324711,     0.01475191178,      0.1284589992
          0,           0,          64,      -6.042495787,       -5.92614704,        -6.1947924,      -5.993809549,      -6.364394977,     -0.4366671382,    0.007304020021,      0.1326276319,      0.0147504258,      0.1284556868
          0,           0,          65,      -6.043327165,      -5.926954522,      -6.195829568,       -5.99476221,      -6.365153508,     -0.4367865345,    0.007304003283,      0.1326229014,     0.01474890872,      0.1284524932
          0,           0,          66,      -6.044149602,      -5.927753534,      -6.196856118,      -5.995704374,      -6.365902227,     -0.4369057197,    0.007303988077,      0.1326182984,     0.01474737913,      0.1284494223
          0,           0,          67,      -6.044963344,      -5.928544342,      -6.197873091,      -5.996636314,      -6.366641427,     -0.4370249177,    0.007303974636,      0.1326138257,     0.01474585909,      0.1284464617
          0,           0,          68,      -6.045768623,      -5.929327187,      -6.198881338,      -5.997558285,      -6.367371382,     -0.4371443107,    0.007303963039,      0.1326094789,     0.01474436791,       0.128443595
          0,           0,          69,      -6.046565657,      -5.930102289,      -6.199881506,      -5.998470529,      -6.368092358,     -0.4372640507,    0.007303953255,      0.1326052533,     0.01474291898,      0.1284408095
          0,           0,          70,       -6.04735466,       -5.93086985,      -6.200874046,      -5.999373282,       -6.36880461,     -0.4373842559,    0.007303945179,      0.1326011465,     0.01474151808,      0.1284380992
          0,           0,          71,       -6.04813584,      -5.931630062,      -6.201859224,      -6.000266774,      -6.369508391,     -0.4375050201,    0.007303938651,      0.1325971592,       0.014740164,      0.1284354656
          0,           0,          72,      -6.048909397,      -5.932383108,      -6.202837162,      -6.001151229,      -6.370203945,     -0.4376264221,    0.007303933496,      0.1325932936,     0.01473885123,      0.1284329138
          0,           0,          73,      -6.049675532,      -5.933129168,      -6.203807875,      -6.002026869,      -6.370891515,     -0.4377485108,    0.007303929527,       0.132589551,     0.01473757111,      0.1284304503
          0,           0,          74,      -6.050434438,      -5.933868417,       -6.20477132,      -6.002893911,      -6.371571335,     -0.4378713288,    0.007303926558,      0.1325859309,       0.014736315,      0.1284280798
          0,           0,          75,      -6.051186301,      -5.934601024,      -6.205727441,      -6.003752561,      -6.372243638,     -0.4379949039,    0.007303924438,      0.1325824287,     0.01473507624,      0.1284258024
          0,           0,          76,      -6.051931307,       -5.93532716,      -6.206676188,      -6.004603025,      -6.372908648,     -0.4381192291,    0.007303923007,      0.1325790368,     0.01473384882,      0.1284236147
          0,           0,          77,       -6.05266963,      -5.936046989,      -6.207617549,      -6.005445497,       -6.37356658,     -0.4382443191,     0.00730392214,      0.1325757453,     0.01473263109,      0.1284215092
          0,           0,          78,      -6.053401438,      -5.936760671,      -6.208551563,      -6.006280163,      -6.374217648,      -0.438370145,    0.007303921751,      0.1325725411,     0.01473142272,      0.1284194745
          0,           0,          79,      -6.054126898,      -5.937468365,      -6.209478286,      -6.007107208,      -6.374862051,     -0.4384966619,    0.007303921713,      0.1325694138,     0.01473022281,      0.1284175014
          0,           0,          80,      -6.054846161,      -5.938170222,      -6.210397844,      -6.007926799,      -6.375499984,     -0.4386238821,    0.007303921995,      0.1325663516,     0.01472903643,       0.128415578
          0,           0,          81,      -6.055559376,      -5.938866388,      -6.211310379,      -6.008739103,      -6.376131638,     -0.4387516948,    0.007303922537,      0.1325633443,     0.01472786247,      0.1284136945
          0,           0,          82,      -6.056266698,      -5.939557013,      -6.212216017,       -6.00954429,      -6.376757176,     -0.4388800847,    0.007303923226,      0.1325603889,     0.01472670194,      0.1284118482
          0,           0,          83,      -6.056968245,      -5.940242223,      -6.213114985,      -6.010342489,      -6.377376784,     -0.4390090583,    0.007303924158,       0.132557476,     0.01472556229,      0.1284100286
          0,           0,          84,      -6.057664165,      -5.940922156,      -6.214007406,      -6.011133874,      -6.377990613,     -0.4391383895,    0.007303925175,      0.1325546057,      0.0147244321,      0.1284082375
          0,           0,          85,      -6.058354586,      -5.941596943,      -6.214893442,      -6.011918581,      -6.378598803,     -0.4392682589,    0.007303926269,      0.1325517805,     0.01472332197,      0.1284064774
          0,           0,          86,      -6.059039599,      -5.942266686,      -6.215773362,      -6.012696717,      -6.379201546,     -0.4393984966,    0.007303927669,      0.1325489883,     0.01472223415,      0.1284047341
          0,           0,          87,      -6.059719383,      -5.942931533,       -6.21664711,      -6.013468488,       -6.37979891,     -0.4395288561,    0.007303928889,       0.132546246,      0.0147211445,        0.12840303
          0,           0,          88,      -6.060393988,      -5.943591567,      -6.217515032,      -6.014233944,      -6.380391055,     -0.4396599405,    0.007303930416,      0.1325435461,     0.01472009117,       0.128401352
          0,           0,          89,      -6.061063517,      -5.944246887,      -6.218377291,      -6.014993243,      -6.380978194,     -0.4397909182,     0.00730393238,       0.132540872,     0.01471904432,      0.1283996838
          0,           0,          90,      -6.061728207,      -5.944897674,      -6.219233573,      -6.015746603,      -6.381560278,     -0.4399221329,    0.007303934004,       0.132538263,       0.014717996,      0.1283980731
          0,           0,          91,      -6.062387977,      -5.945543925,      -6.220084623,      -6.016493935,      -6.382137541,      -0.440054143,    0.007303936288,      0.1325356883,     0.01471699923,      0.1283964761
          0,           0,          92,      -6.063042954,       -5.94618573,      -6.220930278,      -6.017235499,       -6.38271009,     -0.4401853525,     0.00730393872,      0.1325331358,     0.01471596772,      0.1283948878
          0,           0,          93,      -6.063693344,       -5.94682326,      -6.221770182,       -6.01797141,      -6.383277895,     -0.4403173082,     0.00730394075,      0.1325306481,     0.01471494751,      0.1283933586
          0,           0,          94,      -6.064339117,       -5.94745652,      -6.222605261,      -6.018701558,      -6.383841297,     -0.4404494199,      0.0073039432,      0.1325281781,     0.01471398345,      0.1283918299
          0,           0,          95,      -6.064980376,      -5.948085567,      -6.223434918,      -6.019426253,      -6.384400028,     -0.4405803828,    0.007303944881,      0.1325257298,     0.01471296511,      0.1283903182
          0,           0,          96,      -6.065617213,      -5.948710517,      -6.224259152,      -6.020145559,      -6.384954377,     -0.4407124665,    0.007303946067,      0.1325233399,     0.01471197759,        0.12838886
          0,           0,          97,      -6.066249764,      -5.949331483,      -6.225078721,      -6.020859497,       -6.38550471,     -0.4408442578,     0.00730394771,      0.1325209521,     0.01471104036,      0.1283873877
          0,           0,          98,      -6.066878145,       -5.94994853,      -6.225892799,      -6.021568348,      -6.386050479,     -0.4409750763,     0.00730394831,      0.1325185883,     0.01471004468,      0.1283859391
          0,           0,          99,      -6.067502268,      -5.950561669,      -6.226701873,       -6.02227211,      -6.386592253,      -0.441107226,    0.007303948721,      0.1325162765,     0.01470909527,      0.1283845356
          0,           0,         100,      -6.068122351,      -5.951171056,      -6.227506361,       -6.02297088,      -6.387130324,     -0.4412387416,    0.007303949789,      0.1325139568,     0.01470818028,      0.1283831077
          0,           0,         101,      -6.068738551,      -5.951776773,      -6.228305382,      -6.023664844,       -6.38766399,     -0.4413695441,    0.007303949769,      0.1325116681,     0.01470720752,      0.1283817117
          0,           0,         102,      -6.069350648,      -5.952378751,      -6.229099811,      -6.024353962,      -6.388193953,     -0.4415017088,    0.007303949802,      0.1325094284,     0.01470629198,      0.1283803555
          0,           0,         103,      -6.069958891,       -5.95297716,      -6.229889757,      -6.025038394,      -6.388720439,     -0.4416328946,    0.007303950535,      0.1325071762,     0.01470539308,      0.1283789703
          0,           0,         104,      -6.070563499,       -5.95357211,      -6.230674312,       -6.02571826,      -6.389242712,     -0.4417636077,    0.007303950139,      0.1325049611,      0.0147044428,       0.128377624
          0,           0,         105,      -6.071164177,      -5.954163487,      -6.231454618,      -6.026393507,      -6.389761507,     -0.4418955762,     0.00730394989,      0.1325027906,     0.01470355838,      0.1283763119
          0,           0,         106,      -6.071761162,      -5.954751449,      -6.232230493,      -6.027064346,      -6.390276987,     -0.4420263111,    0.007303950219,      0.1325006048,     0.01470267287,      0.1283749695
          0,           0,         107,      -6.072354721,      -5.955336134,      -6.233001051,       -6.02773085,      -6.390788484,     -0.4421568456,    0.007303949416,      0.1324984588,     0.01470174596,      0.1283736697
          0,           0,         108,       -6.07294455,      -5.955917419,       -6.23376758,      -6.028392967,      -6.391296695,     -0.4422884697,    0.007303948804,      0.1324963498,        0.01470089,      0.1283723962
          0,           0,         109,      -6.073530835,      -5.956495427,      -6.234529678,       -6.02905093,      -6.391801708,     -0.4424187118,    0.007303948574,      0.1324942221,     0.01470001535,      0.1283710916
          0,           0,         110,      -6.074113866,      -5.957070314,      -6.235286559,      -6.029704781,      -6.392302997,     -0.4425490348,    0.007303947273,      0.1324921335,     0.01469911044,      0.1283698297
          0,           0,         111,      -6.074693372,      -5.957641971,      -6.236039559,       -6.03035447,      -6.392801175,     -0.4426802305,    0.007303946216,      0.1324900713,     0.01469827835,      0.1283685837
          0,           0,         112,       -6.07526948,       -5.95821048,      -6.236788116,      -6.031000229,      -6.393296233,      -0.442809967,    0.007303945314,      0.1324879881,     0.01469741172,      0.1283673073
          0,           0,         113,      -6.075842466,      -5.958775996,      -6.237531598,      -6.031642085,      -6.393787837,     -0.4429400535,    0.007303943457,      0.1324859427,     0.01469652754,      0.1283660721
          0,           0,         114,      -6.076412129,      -5.959338448,      -6.238271307,      -6.032279997,      -6.394276495,     -0.4430707586,    0.007303941919,      0.1324839142,     0.01469571614,      0.1283648432
          0,           0,         115,      -6.076978539,      -5.959897875,      -6.239006562,      -6.032914174,      -6.394762081,     -0.4431999823,    0.007303940299,      0.1324818656,     0.01469485702,      0.1283635873
          0,           0,         116,      -6.077541928,      -5.960454415,      -6.239736932,      -6.033544643,       -6.39524448,     -0.4433297996,    0.007303937877,      0.1324798551,      0.0146939939,      0.1283623722
          0,           0,         117,      -6.078102189,      -5.961008049,      -6.240463604,      -6.034171373,      -6.395724094,     -0.4434599591,    0.007303935868,      0.1324778534,     0.01469320088,      0.1283611549
          0,           0,         118,      -6.078659344,      -5.961558778,      -6.241185816,      -6.034794542,      -6.396200666,     -0.4435886606,    0.007303933545,      0.1324758349,     0.01469234915,      0.1283599163
          0,           0,         119,      -6.079213556,      -5.962106712,      -6.241903359,      -6.035414183,      -6.396674303,     -0.4437181714,    0.007303930584,      0.1324738553,     0.01469150653,      0.1283587183
          0,           0,         120,      -6.079764819,      -5.962651883,      -6.242617258,      -6.036030281,      -6.397145313,     -0.4438477442,    0.007303928138,      0.1324718767,     0.01469072889,      0.1283575103
          0,           0,         121,      -6.080313127,      -5.963194269,      -6.243326678,      -6.036642969,      -6.397613302,     -0.4439759244,    0.007303925155,      0.1324698852,     0.01468988438,      0.1283562871
          0,           0,         122,      -6.080858557,      -5.963733937,      -6.244031654,      -6.037252295,      -6.398078588,     -0.4441050984,    0.007303921692,       0.132467933,     0.01468906186,      0.1283551039
          0,           0,         123,        -6.0814012,      -5.964270975,      -6.244733011,      -6.037858262,      -6.398541397,     -0.4442340681,    0.007303918833,      0.1324659745,     0.01468829711,      0.1283539032
          0,           0,         124,      -6.081941036,      -5.964805344,      -6.245429871,      -6.038460954,      -6.399001209,     -0.4443617424,    0.007303915236,       0.132464007,     0.01468746031,      0.1283526934
          0,           0,         125,      -6.082478057,      -5.965337068,      -6.246122507,      -6.039060439,      -6.399458525,     -0.4444905512,    0.007303911296,      0.1324620789,     0.01468665728,      0.1283515228
          0,           0,         126,      -6.083012432,       -5.96586628,      -6.246811538,      -6.039656736,      -6.399913506,     -0.4446189093,    0.007303908033,      0.1324601378,       0.014685903,      0.1283503277
          0,           0,         127,      -6.083544149,      -5.966392936,      -6.247496058,      -6.040249881,      -6.400365526,     -0.4447460897,     0.00730390387,      0.1324581914,     0.01468507409,      0.1283491292
          0,           0,         128,      -6.084073111,      -5.966917019,      -6.248176566,      -6.040839959,      -6.400815231,     -0.4448745025,    0.007303899483,      0.1324562844,     0.01468428952,      0.1283479691
          0,           0,         129,      -6.084599552,      -5.967438694,      -6.248853478,      -6.041427009,      -6.401262729,     -0.4450022514,    0.007303895824,      0.1324543587,     0.01468354379,      0.1283467789
          0,           0,         130,      -6.085123472,       -5.96795792,      -6.249525874,      -6.042011018,      -6.401707316,     -0.4451289555,    0.007303891149,      0.1324524317,     0.01468272362,      0.1283455904
          0,           0,         131,      -6.085644708,      -5.968474647,      -6.250194451,      -6.042592091,      -6.402149744,     -0.4452569504,    0.007303886349,      0.1324505442,     0.01468195705,      0.1283444397
          0,           0,         132,      -6.086163527,      -5.968989058,      -6.250859442,      -6.043170281,      -6.402590078,     -0.4453841079,    0.007303882306,      0.1324486335,     0.01468121885,      0.1283432544
          0,           0,         133,      -6.086679957,       -5.96950112,      -6.251519929,      -6.043745534,      -6.403027569,     -0.4455103573,     0.00730387717,       0.132446725,     0.01468040798,      0.1283420755
          0,           0,         134,      -6.087193777,      -5.970010759,       -6.25217677,      -6.044317971,      -6.403463033,     -0.4456379193,    0.007303871991,      0.1324448561,     0.01467965815,      0.1283409337
          0,           0,         135,      -6.087705272,      -5.970518165,      -6.252830039,      -6.044887658,      -6.403896502,     -0.4457645049,     0.00730386758,      0.1324429601,     0.01467892623,      0.1283397538
          0,           0,         136,      -6.088214497,      -5.971023317,      -6.253478825,      -6.045454505,      -6.404327208,     -0.4458903191,    0.007303862036,      0.1324410695,     0.01467812474,      0.1283385841
          0,           0,         137,      -6.088721192,      -5.971526121,      -6.254124119,      -6.046018648,      -6.404756002,     -0.4460174448,    0.007303856519,      0.1324392181,     0.01467739062,      0.1283374508
          0,           0,         138,      -6.089225645,      -5.972026767,      -6.254765856,      -6.046580159,      -6.405182884,     -0.4461434936,    0.007303851763,      0.1324373367,     0.01467666464,      0.1283362766
          0,           0,         139,      -6.089727933,      -5.972525244,      -6.255403146,      -6.047138925,      -6.405607092,     -0.4462689024,    0.007303845856,      0.1324354634,     0.01467587313,      0.1283351157
          0,           0,         140,      -6.090227778,      -5.973021452,      -6.256037073,      -6.047695088,      -6.406029488,      -0.446395603,    0.007303840033,      0.1324336289,      0.0146751539,      0.1283339907
          0,           0,         141,      -6.090725455,      -5.973515571,      -6.256667466,      -6.048248729,      -6.406450043,     -0.4465211508,    0.007303834954,      0.1324317621,     0.01467443346,      0.1283328225
          0,           0,         142,      -6.091221065,      -5.974007601,      -6.257293457,      -6.048799712,      -6.406868019,     -0.4466461788,    0.007303828727,      0.1324299054,     0.01467365146,      0.1283316701
          0,           0,         143,      -6.091714316,      -5.974497439,      -6.257916202,       -6.04934819,      -6.407284272,     -0.4467724664,    0.007303822633,       0.132428087,     0.01467294564,      0.1283305529
          0,           0,         144,      -6.092205468,      -5.974985252,       -6.25853544,      -6.049894242,      -6.407698744,     -0.4468975478,     0.00730381726,      0.1324262343,     0.01467223041,      0.1283293908
          0,           0,         145,       -6.09269464,      -5.975471049,      -6.259150327,      -6.050437722,      -6.408110731,     -0.4470222232,    0.007303810753,      0.1324243938,     0.01467145822,      0.1283282467
          0,           0,         146,      -6.093181541,       -5.97595473,      -6.259762067,      -6.050978786,      -6.408521072,     -0.4471481257,    0.007303804421,      0.1324225911,     0.01467076556,      0.1283271371
          0,           0,         147,      -6.093666407,      -5.976436447,      -6.260370331,      -6.051517513,      -6.408929688,     -0.4472727886,    0.007303798779,      0.1324207527,     0.01467005594,      0.1283259816
          0,           0,         148,      -6.094149373,      -5.976916216,      -6.260974306,      -6.052053748,      -6.409335911,     -0.4473971438,    0.007303792022,       0.132418928,      0.0146692933,      0.1283248456
          0,           0,         149,      -6.094630151,      -5.977393943,      -6.261575226,      -6.052587654,       -6.40974056,     -0.4475226853,    0.007303785476,      0.1324171408,      0.0146686124,      0.1283237436
          0,           0,         150,      -6.095108958,      -5.977869765,      -6.262172706,      -6.053119303,      -6.410143529,     -0.4476469581,    0.007303779596,      0.1324153165,     0.01466790777,      0.1283225947
          0,           0,         151,      -6.095585936,      -5.978343703,      -6.262765957,      -6.053648537,      -6.410544196,     -0.4477710135,    0.007303772628,      0.1324135071,     0.01466715409,      0.1283214666
          0,           0,         152,      -6.096060809,      -5.978815668,      -6.263356239,      -6.054175522,      -6.410943352,     -0.4478962224,    0.007303765904,      0.1324117349,     0.01466648454,      0.1283203722
          0,           0,         153,      -6.096533768,      -5.979285783,      -6.263943115,      -6.054700325,      -6.411340871,     -0.4480201535,    0.007303759812,      0.1324099248,     0.01466578575,      0.1283192302
          0,           0,         154,      -6.097004966,      -5.979754073,      -6.264525832,      -6.055222787,      -6.411736169,     -0.4481439461,    0.007303752654,      0.1324081309,     0.01466504171,      0.1283181103
          0,           0,         155,      -6.097474137,      -5.980220459,       -6.26510565,      -6.055743075,      -6.412130017,     -0.4482688593,    0.007303745767,      0.1324063741,     0.01466438308,      0.1283170238
          0,           0,         156,      -6.097941454,      -5.980685049,      -6.265682109,      -6.056261251,      -6.412522264,     -0.4483924793,    0.007303739494,      0.1324045782,     0.01466368959,       0.128315889
          0,           0,         157,      -6.098407073,      -5.981147871,      -6.266254477,      -6.056777155,      -6.412912372,     -0.4485160222,    0.007303732179,      0.1324027991,     0.01466295334,      0.1283147767
          0,           0,         158,      -6.098870737,      -5.981608853,      -6.266824026,      -6.057290959,      -6.413301083,     -0.4486406527,    0.007303725159,      0.1324010569,     0.01466230407,      0.1283136979
          0,           0,         159,      -6.099332601,      -5.982068089,      -6.267390255,      -6.057802716,      -6.413688229,     -0.4487639876,     0.00730371873,      0.1323992753,     0.01466161628,      0.1283125705
          0,           0,         160,      -6.099792822,      -5.982525606,      -6.267952459,      -6.058312266,      -6.414073302,     -0.4488873085,    0.007303711285,      0.1323975114,     0.01466088953,      0.1283114665
          0,           0,         161,      -6.100251164,      -5.982981347,      -6.268511901,      -6.058819784,      -6.414457029,     -0.4490117047,    0.007303704153,      0.1323957847,       0.014660251,      0.1283103961
          0,           0,         162,      -6.100707758,      -5.983435391,      -6.269068074,      -6.059325317,      -6.414839225,     -0.4491348062,    0.007303697593,      0.1323940176,     0.01465956959,      0.1283092763
          0,           0,         163,      -6.101162767,      -5.983887769,      -6.269620304,      -6.059828707,      -6.415219415,     -0.4492579236,    0.007303690026,      0.1323922684,     0.01465884987,        0.12830818
          0,           0,         164,      -6.101615958,      -5.984338427,      -6.270169845,      -6.060330133,      -6.415598309,     -0.4493820799,    0.007303682792,      0.1323905564,     0.01465821877,      0.1283071178
          0,           0,         165,      -6.102067457,      -5.984787437,      -6.270716168,      -6.060829632,      -6.415975699,     -0.4495049243,    0.007303676131,      0.1323888035,     0.01465754212,      0.1283060059
          0,           0,         166,      -6.102517418,      -5.985234825,      -6.271258601,      -6.061327043,      -6.416351141,     -0.4496278309,    0.007303668498,      0.1323870689,     0.01465683063,      0.1283049176
          0,           0,         167,      -6.102965627,      -5.985680547,      -6.271798399,      -6.061822553,      -6.416725324,     -0.4497517873,    0.007303661201,      0.1323853721,     0.01465621002,       0.128303864
          0,           0,         168,      -6.103412186,      -5.986124663,       -6.27233503,      -6.062316192,      -6.417098042,     -0.4498744641,    0.007303654449,      0.1323836342,     0.01465554188,      0.1283027604
          0,           0,         169,      -6.103857262,      -5.986567204,      -6.272867864,      -6.062807802,      -6.417468855,     -0.4499972099,    0.007303646711,      0.1323819149,     0.01465483851,      0.1283016806
          0,           0,         170,      -6.104300638,      -5.987008133,      -6.273398122,      -6.063297575,      -6.417838462,     -0.4501209732,    0.007303639328,      0.1323802338,     0.01465422458,      0.1283006361
          0,           0,         171,      -6.104742431,      -5.987447508,      -6.273925281,      -6.063785529,      -6.418206621,     -0.4502434014,     0.00730363253,      0.1323785101,     0.01465355937,      0.1282995404
          0,           0,         172,       -6.10518278,       -5.98788535,      -6.274448688,      -6.064271501,      -6.418572936,     -0.4503659097,     0.00730362479,      0.1323768036,     0.01465286003,      0.1282984673
          0,           0,         173,      -6.105621482,      -5.988321619,      -6.274969595,      -6.064755694,      -6.418938069,     -0.4504894463,    0.007303617387,      0.1323751366,     0.01465225436,      0.1282974311
          0,           0,         174,      -6.106058626,      -5.988756366,      -6.275487438,      -6.065238118,      -6.419301801,     -0.4506117267,    0.007303610523,      0.1323734287,     0.01465160064,      0.1282963451
          0,           0,         175,      -6.106494371,      -5.989189614,      -6.276001622,      -6.065718616,      -6.419663694,     -0.4507341067,    0.007303602688,      0.1323717399,     0.01465091473,      0.1282952832
          0,           0,         176,      -6.106928529,      -5.989621349,      -6.276513314,       -6.06619739,      -6.420024457,     -0.4508575328,     0.00730359522,       0.132370091,     0.01465031918,       0.128294258
          0,           0,         177,      -6.107361203,       -5.99005162,      -6.277022053,      -6.066674447,      -6.420383832,     -0.4509796058,    0.007303588366,      0.1323683975,     0.01464966764,      0.1282931794
          0,           0,         178,      -6.107792528,      -5.990480444,      -6.277527189,      -6.067149615,      -6.420741452,     -0.4511016955,    0.007303580556,      0.1323667186,     0.01464897628,      0.1282921211
          0,           0,         179,      -6.108222282,      -5.990907772,      -6.278029983,      -6.067623123,      -6.421097963,      -0.451224762,    0.007303573078,      0.1323650812,     0.01464837999,      0.1282911031
          0,           0,         180,      -6.108650571,      -5.991333659,      -6.278529824,      -6.068094958,       -6.42145312,     -0.4513465599,    0.007303566189,      0.1323634049,     0.01464774134,      0.1282900376
          0,           0,         181,      -6.109077524,      -5.991758104,      -6.279026109,       -6.06856494,      -6.421806492,     -0.4514684856,    0.007303558362,      0.1323617495,     0.01464707657,       0.128288997
          0,           0,         182,      -6.109502996,      -5.992181122,      -6.279519924,      -6.069033306,      -6.422158775,     -0.4515915915,    0.007303550877,      0.1323601367,     0.01464650441,      0.1282879949
          0,           0,         183,      -6.109927062,      -5.992602754,      -6.280010952,      -6.069500046,      -6.422509734,     -0.4517134128,    0.007303544039,      0.1323584784,     0.01464587755,      0.1282869378
          0,           0,         184,      -6.110349895,      -5.993023034,      -6.280498604,      -6.069964983,      -6.422859015,     -0.4518350357,    0.007303536118,      0.1323568329,     0.01464519647,      0.1282858998
          0,           0,         185,      -6.110771176,      -5.993441874,      -6.280984056,      -6.070428379,      -6.423207303,     -0.4519575329,    0.007303528497,      0.1323552308,     0.01464459863,      0.1282849057
          0,           0,         186,      -6.111191124,      -5.993859372,      -6.281466727,      -6.070890202,      -6.423554198,     -0.4520786095,    0.007303521749,      0.1323535928,      0.0146439725,      0.1282838678
          0,           0,         187,       -6.11160977,      -5.994275468,      -6.281945873,      -6.071350188,      -6.423899366,     -0.4521997197,    0.007303514201,       0.132351981,     0.01464333765,      0.1282828599
          0,           0,         188,      -6.112027033,      -5.994690186,      -6.282422497,      -6.071808637,      -6.424243494,      -0.452322303,    0.007303506751,      0.1323504186,     0.01464279558,      0.1282818947
          0,           0,         189,      -6.112442873,       -5.99510355,      -6.282896411,      -6.072265566,      -6.424586407,     -0.4524441456,    0.007303499961,      0.1323488155,       0.014642216,      0.1282808764
          0,           0,         190,      -6.112857639,      -5.995515673,      -6.283367439,       -6.07272079,      -6.424927474,     -0.4525652752,    0.007303491957,      0.1323472302,     0.01464158261,      0.1282798842
          0,           0,         191,      -6.113270866,      -5.995926417,      -6.283836241,      -6.073174516,      -6.425267872,     -0.4526870338,    0.007303483848,      0.1323456905,     0.01464098612,       0.128278939
          0,           0,         192,      -6.113682923,      -5.996335934,      -6.284302547,      -6.073626829,      -6.425606906,     -0.4528075108,    0.007303477118,      0.1323441074,     0.01464035279,      0.1282779418
          0,           0,         193,      -6.114093765,      -5.996744155,       -6.28476525,      -6.074077329,      -6.425944066,     -0.4529275066,    0.007303470122,      0.1323425258,     0.01463970211,      0.1282769525
          0,           0,         194,      -6.114503275,      -5.997150985,       -6.28522586,       -6.07452631,      -6.426280224,     -0.4530488744,    0.007303462937,      0.1323409945,     0.01463916176,      0.1282760114
          0,           0,         195,       -6.11491139,      -5.997556481,       -6.28568356,      -6.074973844,      -6.426615688,     -0.4531704911,    0.007303455971,       0.132339438,     0.01463861985,      0.1282750293
          0,           0,         196,       -6.11531828,       -5.99796067,      -6.286138563,      -6.075419828,       -6.42694897,     -0.4532915022,    0.007303448056,      0.1323378871,     0.01463802231,       0.128274055
          0,           0,         197,      -6.115723934,      -5.998363698,      -6.286591215,      -6.075864402,      -6.427281213,     -0.4534127527,     0.00730344001,      0.1323363806,     0.01463746627,       0.128273129
          0,           0,         198,      -6.116128595,      -5.998765629,      -6.287041653,      -6.076307508,      -6.427612682,     -0.4535329133,    0.007303433003,      0.1323348359,     0.01463688293,      0.1282721602
          0,           0,         199,      -6.116532203,      -5.999166385,      -6.287488822,      -6.076749033,      -6.427942648,     -0.4536523792,    0.007303425511,      0.1323332404,     0.01463616076,      0.1282711459
          0,           0,         200,      -6.116934236,       -5.99956572,      -6.287933955,      -6.077189227,      -6.428271298,     -0.4537728058,    0.007303418375,      0.1323316661,     0.01463553166,      0.1282701627
          0,           0,         201,       -6.11733526,      -5.999963903,      -6.288376903,      -6.077627935,      -6.428598819,     -0.4538929279,    0.007303411506,        0.13233008,     0.01463498926,      0.1282691607
          0,           0,         202,      -6.117734739,      -6.000360594,      -6.288816755,      -6.078064995,      -6.428925162,     -0.4540128883,    0.007303403621,      0.1323285106,     0.01463441109,      0.1282681673
          0,           0,         203,      -6.118133184,      -6.000756172,      -6.289253819,      -6.078500931,      -6.429249984,     -0.4541338567,    0.007303395839,      0.1323269998,     0.01463387153,      0.1282672233
          0,           0,         204,      -6.118530678,      -6.001150799,      -6.289688504,      -6.078935364,      -6.429573622,     -0.4542542358,    0.007303389349,      0.1323254757,      0.0146333651,      0.1282662555
          0,           0,         205,      -6.118927284,      -6.001544346,       -6.29012145,      -6.079368291,        -6.4298961,     -0.4543729788,    0.007303382157,      0.1323239102,     0.01463272481,      0.1282652521
          0,           0,         206,      -6.119322405,      -6.001936588,        -6.2905517,      -6.079799951,      -6.430218081,     -0.4544924076,    0.007303374153,      0.1323223668,     0.01463204465,       0.128264285
          0,           0,         207,       -6.11971644,        -6.0023277,      -6.290980525,      -6.080230395,       -6.43053823,     -0.4546113841,    0.007303367182,      0.1323208181,     0.01463144752,      0.1282633131
          0,           0,         208,      -6.120109134,      -6.002717494,      -6.291406496,      -6.080659211,      -6.430857016,     -0.4547293524,    0.007303360444,      0.1323192601,     0.01463085909,      0.1282623267
          0,           0,         209,      -6.120500829,      -6.003106088,      -6.291829523,      -6.081086614,       -6.43117484,     -0.4548485603,    0.007303353226,       0.132317765,     0.01463032267,      0.1282613947
          0,           0,         210,      -6.120891538,      -6.003493664,      -6.292249894,      -6.081512748,      -6.431491634,     -0.4549687874,    0.007303346558,       0.132316285,     0.01462983044,      0.1282604583
          0,           0,         211,      -6.121280992,      -6.003880057,      -6.292668728,      -6.081937566,       -6.43180678,     -0.4550875447,    0.007303340131,      0.1323147547,     0.01462926238,      0.1282594663
          0,           0,         212,      -6.121669612,      -6.004265492,      -6.293085234,      -6.082361008,      -6.432121062,     -0.4552055608,    0.007303332102,      0.1323132677,     0.01462865879,      0.1282585376
          0,           0,         213,      -6.122056932,      -6.004649754,      -6.293500142,       -6.08278323,      -6.432434635,      -0.455323587,     0.00730332415,      0.1323118012,     0.01462806324,       0.128257633
          0,           0,         214,      -6.122443228,      -6.005032924,       -6.29391266,      -6.083204286,      -6.432746636,     -0.4554404215,    0.007303317721,      0.1323102731,     0.01462741064,      0.1282566591
          0,           0,         215,       -6.12282851,      -6.005414976,      -6.294322102,      -6.083623734,      -6.433057075,     -0.4555575237,    0.007303311422,      0.1323087614,     0.01462681488,      0.1282557075
          0,           0,         216,      -6.123212841,       -6.00579591,      -6.294729955,      -6.084041852,       -6.43336681,     -0.4556758487,    0.007303304714,      0.1323072867,     0.01462632219,      0.1282547849
          0,           0,         217,      -6.123595688,       -6.00617555,      -6.295135265,      -6.084458803,      -6.433675844,     -0.4557940775,    0.007303298004,      0.1323057802,     0.01462579292,       0.128253813
          0,           0,         218,       -6.12397773,      -6.006554216,      -6.295538336,      -6.084874485,      -6.433982704,     -0.4559114328,    0.007303290288,      0.1323043088,     0.01462523992,      0.1282528825
          0,           0,         219,      -6.124358685,      -6.006931916,       -6.29593981,      -6.085288889,      -6.434288899,     -0.4560285507,    0.007303282467,      0.1323028902,     0.01462472273,      0.1282520076
          0,           0,         220,      -6.124738862,      -6.007308676,      -6.296339464,      -6.085702144,      -6.434594436,     -0.4561444642,    0.007303275833,       0.132301427,     0.01462413401,      0.1282510808
          0,           0,         221,      -6.125118104,      -6.007684429,      -6.296736078,      -6.086113999,      -6.434898509,     -0.4562600726,    0.007303269058,      0.1322999275,     0.01462344902,       0.128250125
          0,           0,         222,      -6.125496055,      -6.008058962,      -6.297131612,      -6.086524673,      -6.435201177,     -0.4563762805,    0.007303262576,      0.1322984598,     0.01462289239,      0.1282492103
          0,           0,         223,      -6.125873033,      -6.008432433,      -6.297525036,      -6.086934064,      -6.435503288,     -0.4564923221,    0.007303256094,      0.1322969813,     0.01462239635,      0.1282482742
          0,           0,         224,      -6.126248748,      -6.008804628,      -6.297915853,      -6.087342062,      -6.435804051,     -0.4566082947,    0.007303248509,      0.1322955298,     0.01462185572,      0.1282473566
          0,           0,         225,      -6.126623594,      -6.009175934,      -6.298304504,       -6.08774914,      -6.436103336,     -0.4567248723,    0.007303241324,      0.1322941359,     0.01462136557,      0.1282464888
          0,           0,         226,      -6.126997703,      -6.009546453,       -6.29869137,      -6.088154863,      -6.436401721,     -0.4568402333,    0.007303235378,      0.1322927179,     0.01462088494,        0.12824559
          0,           0,         227,      -6.127371135,      -6.009916069,      -6.299076637,      -6.088559258,      -6.436699254,     -0.4569542623,     0.00730322844,      0.1322912565,     0.01462024723,      0.1282446561
          0,           0,         228,      -6.127743121,      -6.010284479,      -6.299459815,      -6.088962661,      -6.436996147,     -0.4570690947,    0.007303221149,      0.1322898132,     0.01461960511,      0.1282437545
          0,           0,         229,      -6.128114298,      -6.010651964,      -6.299841874,      -6.089364957,      -6.437291188,     -0.4571830428,    0.007303214785,       0.132288361,     0.01461906345,      0.1282428444
          0,           0,         230,      -6.128484219,      -6.011018217,      -6.300221546,      -6.089765721,      -6.437585331,     -0.4572964229,    0.007303208154,      0.1322869152,     0.01461853057,      0.1282419337
          0,           0,         231,      -6.128853326,       -6.01138346,      -6.300598696,      -6.090165414,      -6.437878533,     -0.4574111029,    0.007303201183,      0.1322855337,      0.0146180382,       0.128241075
          0,           0,         232,      -6.129221614,      -6.011747893,      -6.300973496,       -6.09056398,       -6.43817061,     -0.4575262386,    0.007303195152,      0.1322841549,      0.0146175854,      0.1282402011
          0,           0,         233,      -6.129588993,      -6.012111374,      -6.301347511,      -6.090961324,      -6.438461178,     -0.4576395105,     0.00730318915,      0.1322827227,     0.01461704615,      0.1282392738
          0,           0,         234,      -6.129955557,      -6.012473986,      -6.301719549,       -6.09135749,      -6.438751501,     -0.4577522802,    0.007303181388,      0.1322813262,     0.01461644703,      0.1282384032
          0,           0,         235,      -6.130320992,      -6.012835572,      -6.302090443,      -6.091752711,      -6.439040807,     -0.4578650238,    0.007303174011,      0.1322799401,     0.01461586775,      0.1282375472
          0,           0,         236,      -6.130685479,      -6.013196177,      -6.302459323,       -6.09214682,      -6.439328498,     -0.4579763471,    0.007303168154,      0.1322785002,     0.01461527289,      0.1282366308
          0,           0,         237,      -6.131049138,      -6.013555785,      -6.302825684,      -6.092539425,      -6.439615016,     -0.4580881813,    0.007303162103,      0.1322770941,     0.01461474312,      0.1282357501
          0,           0,         238,      -6.131412034,      -6.013914462,      -6.303190446,      -6.092930943,      -6.439901019,      -0.458201471,    0.007303155686,       0.132275727,     0.01461429292,       0.128234895
          0,           0,         239,      -6.131773606,      -6.014272027,       -6.30355331,      -6.093321468,      -6.440186084,     -0.4583142627,    0.007303149605,      0.1322743144,     0.01461379299,      0.1282339776
          0,           0,         240,      -6.132134638,      -6.014628844,      -6.303914647,      -6.093710819,      -6.440469218,     -0.4584256782,    0.007303142372,      0.1322729327,     0.01461327048,      0.1282331039
          0,           0,         241,      -6.132494624,      -6.014984765,      -6.304274924,      -6.094099053,      -6.440752238,     -0.4585368194,    0.007303134558,      0.1322716022,     0.01461275027,       0.128232288
          0,           0,         242,      -6.132853921,      -6.015339856,      -6.304633643,      -6.094486411,      -6.441034371,     -0.4586469493,    0.007303128312,      0.1322702215,     0.01461216725,      0.1282314136
          0,           0,         243,      -6.133212377,      -6.015694052,      -6.304989618,      -6.094872402,      -6.441314802,     -0.4587564878,    0.007303122377,      0.1322688106,     0.01461154407,      0.1282305152
          0,           0,         244,      -6.133569856,      -6.016047207,       -6.30534489,      -6.095257258,      -6.441594219,     -0.4588669304,    0.007303116332,      0.1322674438,     0.01461105252,       0.128229666
          0,           0,         245,      -6.133926425,       -6.01639941,      -6.305698214,      -6.095641043,      -6.441873489,     -0.4589777003,    0.007303110144,      0.1322660674,     0.01461059675,      0.1282287919
          0,           0,         246,      -6.134281885,      -6.016750521,      -6.306049665,      -6.096023682,      -6.442151091,     -0.4590880045,    0.007303103197,       0.132264695,     0.01461008403,      0.1282279137
          0,           0,         247,      -6.134636636,       -6.01710092,      -6.306399564,       -6.09640544,      -6.442427381,     -0.4591980799,    0.007303096199,      0.1322633844,     0.01460961768,      0.1282271001
          0,           0,         248,      -6.134990773,       -6.01745063,      -6.306748321,       -6.09678599,      -6.442703226,     -0.4593069359,    0.007303090041,      0.1322620677,     0.01460914902,      0.1282262774
          0,           0,         249,      -6.135344305,      -6.017799535,      -6.307095395,      -6.097165431,      -6.442978214,     -0.4594147955,    0.007303083631,      0.1322606901,       0.014608512,      0.1282253954
